Label,BLEU,chrF
da-en,40.481974454773045,61.541698976096704
de-en,36.406882179694534,57.679003798661284
el-en,34.65736586590158,55.424875024881004
en-da,38.85667292298236,63.75433033270177
en-de,32.448391017464935,55.652108820185106
en-el,29.324272774494823,54.09400361878289
en-es,39.98642574186635,62.2926428160537
en-fi,25.138151533424438,55.83882855317411
en-fr,40.30864375121718,63.22562284095971
en-it,34.19816906142303,58.27664086724198
en-nl,32.199951267176075,55.98310378667082
en-pt,34.281772428498925,58.6876603318266
en-sv,34.0412442424174,60.783735589334654
es-en,44.77857717033263,65.06588901330706
fi-en,32.57203380711056,50.90294324142707
fr-en,41.572996430179906,63.49138075005726
it-en,37.839587439536054,58.351015551820595
nl-en,33.96672395122083,54.65322467710448
pt-en,40.15885289580548,60.75010028698951
sv-en,36.11612096825786,57.276781610968456
